subreddit,product,comment,created_utc,submission_title,url,cleaned_comment,sentiment
indiasocial,mi 5x 50 inch,"This reminded me of Snapdeal days. When I had ordered a 32GB memory card and it never arrived but every month I would get a call from the customer care from Snapdeal assuring me it's on its way and please receive it. This went on for 7 months before I requested them to cancel it because, there was no option to cancel from my end.",1749312498.0,My Amazon order got delivered after 2 years,https://i.redd.it/l8q97mnyji5f1.jpeg,this reminded me of snapdeal days when i had ordered a 32gb memory card and it never arrived but every month i would get a call from the customer care from snapdeal assuring me its on its way and please receive it this went on for 7 months before i requested them to cancel it because there was no option to cancel from my end,neutral
indiasocial,mi 5x 50 inch,Oh mann r/mildlyinfuriating,1749315561.0,My Amazon order got delivered after 2 years,https://i.redd.it/l8q97mnyji5f1.jpeg,oh mann rmildlyinfuriating,neutral
indiasocial,mi 5x 50 inch,Appario retail private limited the og,1749309695.0,My Amazon order got delivered after 2 years,https://i.redd.it/l8q97mnyji5f1.jpeg,appario retail private limited the og,neutral
indiasocial,mi 5x 50 inch,Reminds me of those memes where other people reply after years or so ü§£üò≠,1749367987.0,My Amazon order got delivered after 2 years,https://i.redd.it/l8q97mnyji5f1.jpeg,reminds me of those memes where other people reply after years or so,negative
indiasocial,mi 5x 50 inch,"And then you have flipkart

It said 4 day delivery in CMF Watch pro 2, no lie it came in 20 MINUTES.",1749383460.0,My Amazon order got delivered after 2 years,https://i.redd.it/l8q97mnyji5f1.jpeg,and then you have flipkart it said 4 day delivery in cmf watch pro 2 no lie it came in 20 minutes,neutral
indiasocial,mi 5x 50 inch,It had to complete it's education before coming to you,1749346671.0,My Amazon order got delivered after 2 years,https://i.redd.it/l8q97mnyji5f1.jpeg,it had to complete its education before coming to you,neutral
indiasocial,lg 4k ultra hd 43 inch,Bekar mouse hai har mhine battery lgani padti hai,1749355747.0,My Amazon order got delivered after 2 years,https://i.redd.it/l8q97mnyji5f1.jpeg,bekar mouse hai har mhine battery lgani padti hai,neutral
indiasocial,mi 5x 50 inch,2 saal purane rate me samaan mil gya,1749368486.0,My Amazon order got delivered after 2 years,https://i.redd.it/l8q97mnyji5f1.jpeg,2 saal purane rate me samaan mil gya,neutral
indiasocial,mi 5x 50 inch,"I think the mouse went on a long quest before finally reaching you! Maybe it took a detour through Narnia, Middle-earth and who knows where before deciding to show up in 2025.  Probably it battled a few dragons too. üê≠üì¶‚ú®",1749368582.0,My Amazon order got delivered after 2 years,https://i.redd.it/l8q97mnyji5f1.jpeg,i think the mouse went on a long quest before finally reaching you maybe it took a detour through narnia middleearth and who knows where before deciding to show up in 2025 probably it battled a few dragons too,neutral
indiasocial,mi 5x 50 inch,r/mouseonmission,1749369604.0,My Amazon order got delivered after 2 years,https://i.redd.it/l8q97mnyji5f1.jpeg,rmouseonmission,neutral
indiasocial,mi 5x 50 inch,Gotta appreciate that commitment ü§£üòú,1749375191.0,My Amazon order got delivered after 2 years,https://i.redd.it/l8q97mnyji5f1.jpeg,gotta appreciate that commitment,neutral
indiasocial,mi 5x 50 inch,Well it was on a mission by imf,1749377152.0,My Amazon order got delivered after 2 years,https://i.redd.it/l8q97mnyji5f1.jpeg,well it was on a mission by imf,neutral
indiasocial,mi 5x 50 inch,Guyz there is new scam going on in amazon that is called pickup scam first the seller will send you a defective product and when you return it and after few days when it returns to it seller . And you call customer care for your refund they will say you have the returned the different product but i have returned the original product. You cant do anything about it . APPRIO RETAIL PRIVATE LIMITED seller is scammer please dont buy from it .,1749541953.0,My Amazon order got delivered after 2 years,https://i.redd.it/l8q97mnyji5f1.jpeg,guyz there is new scam going on in amazon that is called pickup scam first the seller will send you a defective product and when you return it and after few days when it returns to it seller and you call customer care for your refund they will say you have the returned the different product but i have returned the original product you cant do anything about it apprio retail private limited seller is scammer please dont buy from it,neutral
indiasocial,acer i series 50 inch,They are obviously macerating the perfumes for you,1749325724.0,My Amazon order got delivered after 2 years,https://i.redd.it/l8q97mnyji5f1.jpeg,they are obviously macerating the perfumes for you,neutral
indiasocial,mi 5x 50 inch,"Through their contact service, but it's shit. They don't register complaint even after claiming they are registering it. Best to write email for quick service",1749370270.0,My Amazon order got delivered after 2 years,https://i.redd.it/l8q97mnyji5f1.jpeg,through their contact service but its shit they dont register complaint even after claiming they are registering it best to write email for quick service,positive
indiasocial,sony bravia 50 inch,"I actually got a great deal on Sony headphones from snapdeal back in 2015, and it was genuine",1749441033.0,My Amazon order got delivered after 2 years,https://i.redd.it/l8q97mnyji5f1.jpeg,i actually got a great deal on sony headphones from snapdeal back in 2015 and it was genuine,positive
